id	location	year	summary	lat	lon
1	Gresham, Oregon	2007	On April 10, 2007, a 15-year-old student of Springwater Trail High School in Gresham, Oregon arrived to his school and began shooting at his classmates. He wounded ten and killed none before being arrested.	45.50216511	-122.4412759
3	Roswell, GA	2016	Altercation in a hookah bar led a group of seven people to leave in a mini-van. They were followed. When the car stopped, the shooter fired upon the car. Four of the seven sustained non-life-threatening injuries. 	34.023243	-84.361556
4	Federal Way, Washington	2013	On April 21, 2013, a 27-year old man shot and killed his girlfriend at their apartment in Federal Way, Washington. He then shot two neighbors in the building's parking lot and a third victim in another apartment who had come out to see what was happening. It seems the shooter wanted to kill any witness after shooting his girlfriend. He was later killed by police.	47.30909721	-122.3357553
5	Plantation, Florida	2016	A Spring Break party in a house packed with 400 people ended in gunfire that killed one man and wounded four others.	26.127586	-80.233104
7	Santa Monica, California	2013	On June 7, 2013, a 23-year old killed his father and brother at their family home and then set the home on fire in Santa Monica, California. He then forced a motorist to drive him to the Santa Monica College campus. On his way there he fired at commuters. During a 13-minute shooting spree spanning roughly 1.5 miles he killed three other people and three others wounded by gun shot. The shooter was killed by the police in the Santa Monica College library.	34.02319149	-118.4815644
8	Tyler, Texas	2005	On February 24, 2005, a 43-year old man opened fire on his ex-wife and son in front of the Smith County Courthouse inTyler, Texas. After wounding three law enforcement officers and killing another civilian, the gunman was killed in a gun battle with officers. The shooter was being sued for unpaid child support. 	32.3154272	-95.30501087
11	Pennsburg, Souderton, Lansdale, Harleysville, Pennsylvania	2014	Early in the morning on December 15, 2014, a man entered the Souderton home of his ex-wife's sister and killed her, her husband, and her two children. He then went to a Lansdale residence and shot his ex-wife's mother and grandmother. He proceeded to his ex-wife's home in Lower Salford where he fatally shot her and took their two daughters to another location. Nearly two days later the was found dead from a drug overdose.	40.39359306	-75.49640881
12	Essex Junction, Vermont	2006	On August 24, 2006, a 26-year old killed two people and wounded two others in a shooting rampage that began at his ex-girlfriend's home  in Essex Junction, Vermont and continued at the elementary school where she worked. Afterward, the shooter went to his friend's house to get more ammunition for the gun he had borrowed from him and shot his friend. He then try to commit suicide by shooting himself twice in the head, but he survived.	44.49022039	-73.11400628
14	Jacksonville, Florida	2015	On Friday of November 13, 2015,The former military member walked into his Northside, Florida, home and shot his girlfriend, their twin babies, and girlfriend's father before shooting himself. The shooter had a history of domestic violence.	30.33216122	-81.67576993
15	Greenville, Georgia	2015	A shooting at a club in Meriwether Co. early Sunday injured 10 people after witnesses say gun fire was exchanged that stemmed from alleged illegal gambling.	33.02912644	-84.7143335
16	Indianapolis, Indiana	2015	On Sunday  evening of April 5, three suspects entered the apartment, fired multiple shots, and then fled the scene. Five people were injured, three of them were children. One of three suspects was arrested.	39.77725479	-86.14635359
17	Fullerton, California	1976	On July 12, 1976, a 37-year-old custodian at California State University in Fullerton open fired in the library's first-floor lobby and at the building's Instructional Media Center killing seven people and wounding two others. 	33.88404244	-117.92785
18	San Francisco, CA	2014	On the evening of March 23, 2014, the shooters were arguing with a crowd outside of a club, which prompted them to retrieve arms from their car for the attack. Eight people were wounded by the attack, and there were no fatalities. The shooters were later apprehended.	37.75457839	-122.4424343
19	New York City, New York	2015	Early in the morning of January 24, 2015, a man shot his two daughters, wife, and mother-in-law, killing all but one of his daughters. The shooter  then went to his car and shot himself.	40.68996411	-73.8720502
20	Conyers, Georgia	1999	On May 20. 1999, a 15-year-old student of Heritage High School in Conyers, Georgia arrived on campus and began shooting his fellow students as he was upset over a breakup with his girlfriend. He non-fatally wounded six students before being arrested.	33.66086267	-84.02688527
21	Trenton,NJ	2016	A group of women were arguing on a sidewalk outside of an apartment complex in Trenton, NJ when a black Acura pulled up. Two men got out. And one shot at the women, injuring five. 	40.217053	-74.742938
22	Columbus, Ohio	2015	On Monday of November 23, 2015, three of four members of a family were shot and killed and a 12-year-old girl wounded at their home. The suspect died after being shot by police. The shooter was a once friendly neighbor of the victims.	39.98861445	-82.98904135
23	Wetumpka, Alabama	2016	Shooter fired 12 rounds from a semi-automatic handgun that left two dead and two critically injured in a Saturday afternoon drive-by in Wetumpka, Alabama.	32.543745	-86.211913
24	Los Angeles, California	1984	On February 24, a 28-year-old man began shooting at children and staff leaving 49th Street Elementary School in South Central Los Angeles in California. The gunman positioned himself in a room on the second story of his home and killed two people and wounded twelve others.	34.17622092	-118.5399542
25	Fort Myers, Florida	2016	Family was celebrating a birthday party when a group of 12 arrived. Fight broke out, four people shot.	26.640628	-81.872308
33	Perris, California	2016	Very little is known about the case. Cops were called to a Mexican restaurant. 1 person was pronounced dead at the scene. 4 others were taken to a hospital.	33.782519	-117.228648
34	San Francisco, California	1993	On July 1, 1993, a 55-year-old failing entrepreneur entered the law offices of Pettit & Martin in the financial district of San Francisco, California. He then opened fire on the office, killing eight and wounding six others before turning the gun on himself. He had apparently targeted the law firm due to his deep hatred for lawyers arising from his failed business endeavors and a real estate consultation with the firm years before.	37.75457839	-122.4424343
35	Columbus, Ohio	2004	On December 8, 2004, a 25-year-old former mechanic for the US Marine Corps shot and killed the lead guitarist in the band Damageplan before shooting into the crowd at a concert at the Alrosa Villa Nightclub in Columbus, Ohio. Apparently upset by the breakup of the band Pantera, the shooter killed an additional three and wounded seven before being killed by police backstage.	39.98861445	-82.98904135
36	Decatur, Illinois	2015	On May 25, 2015, the shooter was attending a rap concert at a venue called Club Maxey Monday when he and the victim got into an altercation.  The four other people were wounded.	39.85566372	-88.93346458
38	Salisbury , Pennsylvania	2013	On August 5, 2013, an unemployed 59-year old man went to Ross Township's monthly meeting in Salisbury, Pennsylvania, killing three people and injuring four more. The shooter was later restrained and shot in the leg by civilians at the scene. He had been forced to vacate his property of 20 years and had been living out of his car and in abandoned buildings ever since.	39.75344279	-79.08435956
39	Great Barrington, Massachusetts	1992	On December 14, 1992, an 18-year-old student opened fire at Simon's Rock College of Bard in Great Barrington, Massachusetts. Before turning himself in to police, he killed a student and a teacher and wounded four others.	42.19358268	-73.36216339
40	Flagstaff, Arizona	2015	On Friday of October 9, 2015, one person is dead and three are wounded after an early morning shooting on Northern Arizona University's campus. An overnight confrontation between two groups of students escalated into gunfire. The shooter is a freshman of Northern Arizona University.	35.1725658	-111.6585435
41	Tyrone, Missouri	2015	Late night on February 26, a man entered the home of two of his cousins and shot them. Their daughter escaped the home and called the police. The shooter proceeded to four other nearby residences, killing two more of his cousins and three other acquaintances. The shooter then drove to another county and killed himself in his car. The shooter's mother, who lived with the shooter, was found dead from lung cancer in her home.	37.204442	-91.876583
42	Edinboro, Pennsylvania	1998	On April 24, 1998, a 14-year-old student of Park Middle School in Edinboro, Pennsylvania was attending the end-of-the-year dance at an off-campus banquet hall. The student pulled his father's gun from a pocket and began shooting, killing a teacher and wounding another and two students before being arrested.	41.87617136	-80.12459632
43	Detroit, Michigan	2016	Four men were sitting on a porch when a black SUV with three passengers drove by and opened fire in broad daylight. Two of the men died and two were injured. The SUV got away and there are no suspects	42.331427	-83.045754
44	Detroit, Michigan	2016	Man apparently inappropriately touched a stripper. He was asked to leave. He waited outside, then shot the stripper and four other people.	42.331427	-83.045754
45	Youngstown, Ohio	2011	On February 6, 2011, two 19-year old man and a 22-year old man were involved in an argument over a girl in a fraternity house party in Youngstown State University in Ohio. A dispute ensued and one man was thrown out of the party and the other followed. They returned sometime later and began spraying bullets into the crowd, killing one student and injuring eleven others.	41.09933958	-80.64631705
46	Memphis, Tennessee	2015	On Jan. 1, 2015, 25 people were on a party bus that was shot at by people in two vehicles that followed the bus. At least one of these men had been in a verbal argument with one of the bus' passengers at a club where the party bus had stopped just before the shooting.	35.10528976	-89.97734924
47	Memphis, TN	2016	Four people were shot below the waist at a gas station after an altercation broke out at a gas station.	35.149534	-90.04898
48	Memphis, Tennessee	2016	A woman flagged down a car to help her with her car troubles at the side of the road. An 18-year-old got out to help. The two suspects got out of another car and fired on the scene.	35.149534	-90.04898
49	Royal Oak, Michigan	1991	On November 14, 1991, a 31-year old former postal worker opened fire at the post office in Royal Oak, Michigan, his former workplace. He killed his four supervisors and wounded five co-workers before committing suicide.	42.50840203	-83.15387427
50	Daytona Beach, Florida	2015	On April 3, 2015, four people were shot early Friday morning at a house party near Bethune-Cookman University in Daytona Beach. Four Bethune-Cookman University students were shot after the alleged gunman was kicked out of a house party about four blocks from the campus in Daytona Beach. The escaped suspect surrendered on April 6, 2015.	29.19313443	-81.10173014
170	Marysville, Washington	2014	On October 24, 2014, a freshman at Marysville-Pilchuck High School approached a table of his friends in the school cafeteria and a verbal fight ensued. The student then pulled out a handgun and fired at the students at the table. He injured five students, killed 1 girl, and then committed suicide by shooting himself in the head. Three of the four injured students died in the hospital in the following days. 	48.04802409	-122.1359622
52	Washington D.C.	2013	On September 16, 2013, a 34-yearl old contractor for the Navy Yard in Washington D.C, entered the building shooting randomly, killing twelve people and injuring three surviving victims before he was shot and killed by law enforcement officers.  Five other people were injured during the incident while trying to escape.	38.90480894	-77.01629717
53	Killeen, Texas	1991	On October 16, 1991, a 35-year old unemployed seaman drove his truck through a window at Luby's Cafeteria in Killeen, Texas. He then opened fire, killing twenty-three people and wounding twenty before turning the gun on himself.	31.07925506	-97.73392317
54	Seattle, Washington	2012	On May 30, 2012, a 40-year old man went to a coffee shop in Seattle, Washington, where he was asked to leave due to his belligerent behaviour the previous week. The man opened fire and killed four people and injured another one. He then fled and later killed a female motorist, taking off with her SUV. Five hours later, while he was being confronted by police, he killed himself with a gunshot.	47.62199575	-122.323646
55	Seattle, Washington	2012	Ian Stawicki, 40, gunned down four patrons at a cafe, and another person during a carjacking nearby, then shot himself as police closed in. (He died later that day in a Seattle hospital.)	47.6038321	-122.3300624
57	Jacksonville, Florida	1990	After fatally shooting a man and woman and wounding two teenage boys, the 42-year-old gunman robbed a convenience store at gunpoint on June 17, 1990. The next day, the shooter opened fire at the General Motors Acceptance Corporation car loan office in Jacksonville, Florida, killing seven employees and a customer and injuring four others before turning the gun on himself.	30.33216122	-81.67576993
56	Las Vegas, NV	2017	Stephen Craig Paddock, opened fire from the 32nd floor of Manadalay Bay hotel at Last Vegas concert goers for no obvious reason. He shot himself and died on arrival of law enforcement agents. He was 64	36.181271	-115.134132
58	Mesa, Arizona	1966	On November 12, 1966, an 18-year-old high school student entered the Rose-Mar College of Beauty in Mesa, Arizona, ordering his victims to lay on the ground in a circle. The gunman shot and killed four women and a child and injured another woman and an infant. He considered a few sites, like his school, where he thought of wiping out the teachers. Finally, he settled on the Rose-Mar College of Beauty, where he thought he'd get a nice large group of victims.	33.42268696	-111.8163202
61	Palm Bay, Florida	1987	On April 23, 1987, a 59-year-old retired librarian in Palm Bay, Florida began a shooting spree in his neighborhood, where he shot and injured several of his neighbors. He continued the shooting at two local shopping centers, killing a total of four civilians and two police officers, and injuring nine others.	27.98388983	-80.66662713
59	Baltimora, Maryland	2016	Shooter was angry over fact that rival families had been slashing each other's cars. Shooter fired into a block party and injured four.	39.290385	-76.612189
60	Bethel, Alaska	1997	On February 19, 1997, a 16-year-old student at Bethel Regional High School in Bethel, Alaska arrived on campus and shot a popular student, killing him. He later shot and killed the school's principal and wounded two others before being arrested.	60.79053882	-161.7927517
62	Las Vegas, Nevada	2014	On the afternoon of June 8, 2014, a man and his wife approached two police officers having lunch in Las Vegas and began shooting, killing them both. The couple then fled to Walmart, where they killed an armed civilian attempting to stop the shooters. The man was killed by police and the woman killed herself at the Walmart.	36.18931923	-115.3264875
64	Oklahoma City, Oklahoma	2013	On August 14, 2013, a 40-year old man obsessed with actress Selena Gomez, fatally shot his mother, sister, niece and infant nephew. He was later arrested and told police he had to getaway from his family because they were preventing him from being with his one true love.	35.46779189	-97.5191631
65	Lewistown, Montana	1986	On December 4, 1986, a 14-year-old student at Fergus County High School in Lewistown, Montana, disgruntled with his grades, fatally shot a teacher and wounded a vice principal and two students as he fled. He was arrested at his home an hour later.	47.03740653	-109.4844918
67	Iowa City, Iowa	1991	On November 1, 1991, a 28-year-old astrophysics researcher opened fire on academics at a meeting at the University of Iowa in Iowa City. The shooter fatally wounded three professors on his dissertation committee, an academic affairs officer, and the researcher who received the award he felt he deserved, and as well as paralyzing a student employee before committing suicide.	41.65589405	-91.53117986
70	Milwaukee, Wisconsin	2015	dylann Storm Roof, 21, shot and killed 9 people after opening fire at the Emanuel AME Church in Charleston, South Carolina. According to a roommate, he had allegedly been â€œplanning something like that for six months."	43.06420322	-87.96724385
72	Greenwood, South Carolina	1988	On September 26, 1988, an unemployed 19-year-old man entered the Oakland Elementary School in Greenwood, South Carolina. He was arrested after killing two 8-year-old girls and injuring seven other students and two teachers. He was later found "guilty but mentally ill."	34.1928952	-82.15355508
73	New Orleans, Louisiana	1972	On New Year's Eve in 1972, a 23-year-old ex-Navy dental technician went to the central lockup New Orleans Police Department and shot four policeman that day.  Seven days later on January 7, 1973, the shooter shot a grocer and entered the Downtown Howard Johnson Hotel where he shot seventeen people before killed him at the top of the hotel roof.	30.0687242	-89.93147412
75	Lakewood, Washington	2009	On November 29, 2009, a 37-year old convicted felon who was out on bail, entered a coffee shop in Lakewood, Washington. The gunman shot and killed four off-duty police officers who had gone there to use their laptops before their shifts. After a two-day manhunt, the gunman was shot and killed by a police officer in south Seattle.	47.16267579	-122.5296574
76	Brookline, Massachusetts	1994	On December 30, 1994 a man entered a Planned Parenthood clinic, shot and killed the receptionist, and opened fire in the clinic, wounding three others. Several minutes later he entered a Preterm Health Services clinic and shot three people, killing one. 	42.32427392	-71.14080012
77	Seattle, Washington	2006	Kyle Aaron Huff, 28, opened fire at a rave afterparty in the Capitol Hill neighborhood of Seattle before committing suicide.	47.6229	-122.3165
78	Manchester, Connecticut	2010	Omar S. Thornton, 34, shot up his Hartford Beer Distributor workplace after facing disciplinary issues, then committed suicide.	41.7759324	-72.5214755
79	BLOUNT COUNTY, AL	2016	Shooter fired from his car at two different locations along a highway in rural Alabama. He didn't injure any at the first shootout, but injured four at the second. He was killed by police.	34.16204	-86.475543
80	Auburn, Alabama	2012	On June 9, 2012, a 22-year old man went to a party in an off-campus apartment complex in Auburn, Alabama. Three people, including two former Auburn University football players, were killed and three others were wounded. The shooter fled the scene and turned himself in a few days later.	32.60598014	-85.48989253
81	Saginaw, Michigan	2007	On October 25, 2007, a 15-year-old student arrived at a football game at South Middle School in Saginaw, Michigan looking for his brother. He then ran into other students with which he had an ongoing confrontation and began shooting, wounding four before fleeing the scene. He was later arrested and charged with assault with intent to murder	43.41929117	-83.95032759
82	Las Vegas, Nevada	2007	On December 11, 2007, an 18-year-old high school drop out of Mojave High School in Las Vegas, Nevada arrived at a school bus stop where he planned an encounter with a student who had bumped into him the day before. He then began shooting at the student and others, wounding six before fleeing the scene. The shooter was arrested in Denver, CO after the police received a tip that he was on a bus to Chicago.	36.18931923	-115.3264875
83	Albuquerque, NM	2016	A Man shot four uninvited party guests who would not leave the party hosted by the shooter. He started firing when they broke windows and started kicking in the door.	35.085334	-106.605553
85	Albuquerque, New Mexico	2014	The shooter pulled up to an auto shop and saw his ex-girlfriend talking with her current boyfriend. He crashed his car into the car the couple was standing next to. This knocked the current boyfriend to the ground. The shooter then fired fatal shots at his ex-girlfriend, and shot and injured three other women who had entered the shop.	35.15290522	-106.7791378
84	Carson City, Nevada	2011	Eduardo Sencion, 32, opened fire at an International House of Pancakes restaurant and later died from a self-inflicted gunshot wound.	39.1637984	-119.7674034
86	Woodbridge,  Virginia	2016	On Saturday of February 27th, three officers arrived to investigate a domestic dispute call, the shooter fired a rifle from the front door of his home, striking all three. Inside the house, police found his wife dead in a bedroom.	38.6697	-77.3524
92	Santee, San Diego, California	2001	On March 5, 2001, a 15-year-old student of Santana High School in San Diego, California arrived to school and began shooting at his fellow classmates. Two students were killed and thirteen others were wounded before the shooter was taken into custody.	32.86357277	-117.1281628
93	Tucson, Arizona	2015	On May 12, 2015, the man gunned down four of his family members, including his 17-year-old niece, before fatally shooting himself in a murder-suicide.	32.15358905	-110.9677647
95	Tucson, Arizona	2011	Jared Loughner, 22, opened fire outside a Safeway during a constituent meeting with Congresswoman Gabrielle Giffords (D-Ariz.) before he was subdued by bystanders and arrested.	32.2217429	-110.926479
96	Edmond, Oklahoma	1986	On August 20, 1986, a 44-year-old postal worker in Edmond, Oklahoma opened fire on his supervisors and coworkers at the post office in which he worked. He killed fourteen postal employees and wounded six others before committing suicide.	35.66889223	-97.41438792
97	Clearbrook (Greenwood), Minnesota	2015	Five family members - two adults and three children - were found dead in a home on Thursday, September 10 in an apparent murder-suicide. The shooter, a nurse, founded the website AllNurses.com, which provides information and resources for and about the nursing profession.	47.69618799	-95.42844094
98	Jonesboro, Arkansas	1998	Mitchell Scott Johnson, 13, and Andrew Douglas Golden, 11, two juveniles, ambushed students and teachers as they left the school; they were apprehended by police at the scene.	35.8209895	-90.6682606
100	Chardon, Ohio	2012	On February 27, 2012, a 17-year old student entered Chardon High School in Chardon, Ohio, shooting  students in the cafeteria and in the hallway, leaving three students dead and three injured. He then was chased out of the school by a teacher and was arrested outside the school.	41.58025541	-81.20812625
101	Goddard, Kansas	1985	On January 21, 1985, a 14-year-old student entered Goddard Junior High School in Goddard, Kansas. The student killed the principal and injured two teachers and another student. He was arrested 90 minutes later by a policeman in a field just south of Goddard.	37.67129418	-97.55070476
102	Springfield, Oregon	1998	On May 21, 1998, a 15-year-old student at Thurston High School in Springfield, Oregon arrived on campus the day after killing both his parents with firearms in their home. He began shooting at the students, killing two and wounding twenty-five others before being arrested.	44.05489698	-123.0075562
103	Fort Worth, Texas	1999	steven Kazmierczak, 27, opened fire in a lecture hall, then shot and killed himself before police arrived.	32.74802142	-97.31305148
104	Lancaster County, Pennsylvania	2006	Charles Carl Roberts, 32, shot 10 young girls in a one-room schoolhouse in Bart Township, killing 5, before taking his own life.	39.9589	-76.0806
105	New Orleans, Louisiana	1988	On December 14, 1988, a 39-year-old post office employee entered the main post office in downtown New Orleans, Louisiana, where he worked with a shotgun. He took his ex-girlfriend as a hostage and was able to hold off police and FBI agents for 13 hours until he surrendered. He injured three co-workers and one FBI agent.	30.0687242	-89.93147412
106	Seattle, Washington	1983	On February 18, 1983, three man between the ages of 22 and 24 entered the Wah Mee gambling club in Seattle, Washington, shooting fourteen people. Thirteen victims lost their lives, but one survived to testify.	47.62199575	-122.323646
107	Mesa, Arizona	2015	On March 18, 2015, the shootings started with an argument inside a motel room that spilled outside, one man dead and two women wounded. The gunman then shot another man who was working at a nearby restaurant. The gunman got away from the restaurant by carjacking the school instructor's car. The man then went to an apartment complex about 2 miles away, and shot another man. Another man was found in a neighboring apartment building with multiple gunshot wounds.	33.42268696	-111.8163202
108	Atlanta, GA	2016	Two groups of people were asked to leave a nightclub when they started arguing. They were outside the club when they started shooting. Five people were injured. 	33.748995	-84.387982
109	Covina, California	2008	On December 24, 2008, a 45-year-old man entered his brother's residence in Covina, California while dressed in a Santa Claus costume. He then opened fire on his family and ex-wife, killing several before setting the house ablaze. He committed suicide with a gunshot wound to the head. Nine victims died in the incident and two of the wounded escaped the fire.	34.09026669	-117.8819958
110	Morven, North Carolina	2015	Two men were arguing in a club called the Boom Boom Room Saturday morning around 2:45. When they started shooting at each other, four bystanders were caught in the crossfire. One of shooters was arrested later, and the other turned himself in on Tuesday, June 23, 2015.	34.86379864	-79.9996781
113	DeKalb, Illinois	2008	Steven Kazmierczak, 27, opened fire in a lecture hall, then shot and killed himself before police arrived.	41.9294736	-88.7503647
114	Omaha, Nebraska	2015	A woman and her two year old daughter were shot and killed Sunday. Three other women are still fighting for their lives following the shooting.  The suspect turned himself into police on Tuesday morning.	41.3138	-96.0814
115	Omaha, Nebraska	2015	On the morning of January 24, 2015, two shooters opened fire at a party outside a home in Omaha. Three were killed and five others were injured. One of the suspected shooters was arrested, but the other has not been identified. Possibly gang-related.	41.265922	-96.05381421
116	Geneva, Alabama	2009	On March 10, 2009, a 28-year-old grocery worker in Geneva County, Alabama went to his mother's home to kill her and her three dogs before setting the house on fire. He then went to his uncle's house, killing him, two of his cousins, two neighbors and wounded an aunt and an infant neighbor. He then went next-door and killed his grandmother before fleeing the scene. He killed three passers by and shot at anyone trying to flee or stop him. In total, ten were killed and six were wounded. He committed suicide as police attempted to detain him.	31.04367594	-85.8763466
117	Binghamton, New York	2009	Jiverly Wong, 41, opened fire at an American Civic Association center for immigrants before committing suicide.	42.0986867	-75.9179738
118	Omaha, Nebraska	2007	Robert A. Hawkins, 19, opened fire inside Westroads Mall before committing suicide.	41.2587317	-95.9378732
119	Birchwood, Wisconsin	2004	On November 21, 2004, a 36-year-old man hunting with companions in the forests of Birchwood, Wisconsin, encountered a group of hunters and began arguing with them over a deer stand that had apparently been on private land. He then opened fire on the hunters as a result of the confrontation, killing six and wounding two others before being arrested five hours later.	45.65773714	-91.55077175
120	Cleveland, Ohio	2007	On October 11, 2007, a 14-year-old student of SuccessTech Academy in Cleveland, Ohio arrived at school two days after he had been suspended for getting into a fist-fight with another student. He then began shooting at students and teachers, injuring four during the incident and committing suicide. 	41.47657557	-81.68051502
121	Chapel Hill, North Carolina	1995	On January 26, 1995, a 26-year-old mentally ill law student in Chapel Hill, North Carolina, was permitted to take unsupervised off-campus trips outside his mental hospital. During this particular trip, he opened fire on passersby, killing two and wounding two others before being arrested. He was found not guilty by reason of insanity and later won a lawsuit against a psychiatrist.	35.92681467	-79.03850407
122	Miami, Florida	2012	On September 28, shots were fired into a large crowd gathered at The Spot, an all-ages club at which many young teens were present. Fifteen people were injured.	25.79653943	-80.20840397
123	Blacksburg, Virginia	2007	Virginia Tech student Seung-Hui Cho, 23, opened fire on his school's campus before committing suicide.	37.2295733	-80.4139393
125	Littleton, Colorado	1999	On April 20, 1999, two students ages 17 and 18 arrived on their campus at Columbine High School in Littleton, Colorado, planning to kill hundreds of their peers and teachers. After two large propane tank bombs failed to explode, the students began shooting at their classmates, killing twelve and a teacher and wounding twenty-four others. The incident ended when the students killed themselves simultaneously in the library.	39.59358263	-105.0152112
126	Minneapolis, Minnesota	2015	Five protesters were shot late Monday night near the Black Lives Matter encampment. A group of white supremacists showed up at the protest, and when about a dozen protesters attempted to herd the group away from the area, they opened fire on the protesters. Protesters have been camping out in front of the 4th Precinct since Nov. 15	44.96358722	-93.26783687
127	South Valley, Albuquerque, New Mexico	2013	On January 19, 2013, a 15-year old homeschooled student shot and killed his mother and three younger siblings in their residential home in South Valley, New Mexico. The shooter then waited up five hours for his father, a former pastor, to arrive home. When the father got home, the son shot him several times and killed him. Apparently, he was planning to go on a killing spree afterwards. Instead he went to church and was later arrested.	35.15290522	-106.7791378
129	Fort Gibson, Oklahoma	1999	On December 6, 1999, a 13-year-old student at Fort Gibson Middle School in Fort Gibson, Oklahoma opened fire on his classmates for no apparent reason, wounding four before being stopped by a teacher and taken into custody.	35.77669911	-95.25996596
132	Meridian, Mississippi	2003	Assembly line worker Douglas Williams, 48, opened fire at his Lockheed Martin workplace in a racially motivated attack before committing suicide.	32.376081	-88.68978002
134	Atlanta, Georgia	1999	On July 29, 1999, after murdering his wife and children in their home in Atlanta, Georgia over the prior two days, a 44-year-old day trader entered a stock exchange office, killing four and moving on to another office, where he killed an additional five and wounded twelve. He was pursued by police until he committed suicide at a gas station. 	33.7629969	-84.4231328
135	Oakland, California	2012	One L. Goh, 43, a former student, opened fire in a nursing classroom. He fled the scene by car and was arrested nearby a few hours later.	37.8043808	-122.2708166
137	Los Angeles, California	2016	Police were called to a street to investigate an assault case. One hispanic man lay dead on the street. Two other adult males, and a young female were injured.	34.052234	-118.243685
139	Los Angeles, California	2016	Group of people was standing outside of a Liquor store on Avalon boulevard in South Los Angeles. A car drove by and fired an AK-47, killing 1 and wounding 3.	34.052234	-118.243685
141	Chelsea, Massachusetts	2016	Shooter fired upon party of ~50 people at an empty apartment in Chelsea, MA. 1 dead. 6 wounded. Shooters step brother was among those shot	42.391764	-71.032828
142	Honolulu, Hawaii	1999	Byran Koji Uyesugi, 40, a Xerox service technician, opened fire inside the building with a 9mm Glock. He fled and was later apprehended by police.	21.3255125	-157.8473055
144	Tulsa, Oklahoma	2012	On April 6, 2012, a 19-year old and a 32-year old man went on a deadly shooting spree in Tulsa, Oklahoma, shooting black men at random in an apparently racially motivated attack. Three men died and two were wounded. The victims were chosen at random.	36.13543238	-95.91316117
143	Belfair, Washington	2016	At around 9am on Friday morning, a man phoned an officer with the Mason County Sheriff's Office to say that he had shot his family and was going to kill himself next. The man was flushed out of his house when the SWAT team fired tear gas inside. He walked outside and shot himself in front of the officers who were gathered in front of the property. The shooter killed his wife, her two teenage sons and a neighbor.	47.5033	-122.931
145	Belfair, Washington	2016	Man killed wife, two kids, and neighbor before calling the cops to tell them he did something bad. They fired tear gas to get him outside. He came out and shot himself in the head.	47.451459	-122.826946
146	Minneapolis, Minnesota	2012	On September 27, 2012, a 36-year old man recently fired at Accent Signage Systems in Minneapolis, went into the firm's building killing six people and injuring two others. The gunman then turned the gun on himself.	44.96358722	-93.26783687
147	Wichita, Kansas	2016	Altercation led to group of people getting kicked out of a club. Shooting took place around 1am outside the club. Four injured. 	37.687176	-97.330053
148	Los Angeles, California	2013	On November 1, 2013, an unemployed 23-year old man entered Terminal 3 at Los Angeles International Airport (LAX) in California, and pulled a rifle from his bag, killing one TSA officer and wounding two other officers and a passenger before he was wounded and captured. Witnesses said that the shooter was calmly asking people: "Hey, are you TSA?". If they said no, the shooter moved on.	34.17622092	-118.5399542
150	New Orleans, Louisiana	2014	On June 29, 2014, two men were having an argument on Bourbon Street, which escalated into a gunfight. Many shots were fired into the surrounding crowd, killing one and injuring nine.	30.0687242	-89.93147412
152	Hesston, Kansas	2016	On Friday, 90 minutes after receiving a court order over domestic violence, the man returned to the factory for the shooting spree.The man who wounded three people before storming into the central Kansas the lawn mower factory where he worked and shooting 14 others, killing three of them, had just been served a protection from abuse order that likely triggered the attack. Police say they believe the man fired at random while he was returning to his workplace.	38.1368	-97.4268
153	Brookfield, Wisconsin	2012	On October 21, 2012, a 45-year old man went to Azana Spa in Brookfield, Wisconsin, where his estranged wife worked. He shot and killed his ex-wife and two of her co-workers and injured four others before committing suicide.	43.06396691	-88.12299758
155	Brookfield, Wisconsin	2005	On March 12, 2005, a 44-year-old computer technician about to lose his job in Brookfield, Wisconsin opened fire on a congregation at the Living Church of God, killing the minister, six others and wounding four more before committing suicide.	43.06396691	-88.12299758
156	Tampa, Florida	2016	Argument led to gun shots in the parking lot outside of a hookah bar in Tampa, Florida	27.950575	-82.457178
157	Tampa, Florida	2016	Fighting broke out in a strip club when an unknown shooter starting firing. One person died on the scene, and one died later. Six were injured.	27.950575	-82.457178
158	Montclair, New Jersey	1995	On March 21, 1995, a 29-year-old former postal laborer entered a post office in Montclair, New Jersey, and robbed the employees at gunpoint. He then killed two postal workers, two customers and wounded another man before fleeing the scene. He was later arrested in his apartment.	40.826184	-74.20862
159	Gloucester County, Virginia	2016	A young woman threw a house party for her birthday. It got very crowded. The shooter came and shot four people, killing one. There is some disagreement about his relation to the rest of the people at the party	37.40264	-76.458559
160	Rome, Georgia	2015	On April 7, 2015, the man entered 20 Copeland St. about 11:10 p.m. Tuesday and demanded cash from one of victim. The man then fired a handgun at the victim, killing him. Police said at least two men intended to rob people at the Copeland Street home.	34.26779152	-85.18822422
161	Parkland, Washington	2009	Maurice Clemmons, 37, a felon who was out on bail for child-rape charges, entered a coffee shop on a Sunday morning and shot four police officers who had gone there to use their laptops before their shifts. Clemmons, who was wounded fleeing the scene, was later shot dead by a police officer in Seattle after a two-day manhunt.	47.155846	-122.437031
162	Halifax County, Virginia	2016	Male shooter fired into crown when a deputy police tried, unsuccessfully to stop him. The deputy fired on the shooter and inured him.	36.765971	-78.928344
164	Nickel Mines, Lancaster, Pennsylvania	2006	On October 2, 2006, a 32-year old men killed five schoolgirls and seriously wounded five others in West Nickel Amish School in Nickel Mines, Pennsylvania before taking his own life. Before the shooting, the gunman separated the students by gender and age, letting go males and adults before locking the school. He ended up committing suicide before police broke into the school.	40.04214385	-76.30100872
165	Oak Creek, Wisconsin	2012	On August 5, 2012, a 40-year old US Army veteran and white supremacist opened fire in a Sikh Temple in Oak Creek, Wisconsin fatally shooting six people and wounded four others. The shooter took his life by shooting himself after he was shot in the stomach by a responding police officer. His girlfriend had broken up with him very recently.	42.88027442	-87.90087079
166	Miami, Florida	1982	On August 20, 1982, a 51-year-old teacher on psychiatric leave opened fire inside a welding shop in Miami, Florida killing eight employees and wounding another three. The shooter was later shot and run down by two witnesses while he was cycling away from the crime scene.	25.79653943	-80.20840397
167	Aurora, Colorado	2012	James Holmes, 24, opened fire in a movie theater during the opening night of "The Dark Night Rises" and was later arrested outside.	39.709283	-104.823488
168	Lon Beach, NY	2016	Group of men were standing at a street corner when someone came up and fired upon them. One man died, 3 injured. Nothing is known about the shooter.	33.77005	-118.193739
169	Chicago, Illinois	1974	On January 17, 1974, a 14-year-old student entered Clara Barton Elementary School in Chicago, Illinois and killed the principal and wounded three others before he was seized by a teacher when both his guns jammed. Apparently, the student was angry at the fact that he had been expelled from the school and transferred to a social adjustment center earlier that week.	41.83928045	-87.68818145
170	Douglasville, Georgia	2015	On February 7, 2015, a man entered the house of his ex-wife and shot her, two of their children, her boyfriend, and wounded two of her children. He then went onto the street and shot himself.	33.71059292	-84.71564276
171	Kennesaw, Georgia	2014	On the morning of April 29, 2014, a 19 year-old package handler at the FedEx in Kennesaw, Georgia arrived at his place of work and began shooting. He wounded six of his coworkers before committing suicide.	34.02529674	-84.61766831
172	Riverside, CA	2016	Shooter fired upon group of people in a restaurant parking lot	33.997197	-117.48548
173	Dana Point, California	1993	On May 6, 1993, after murdering his mother and her dog, a 38-year-old postal employee who had been fired five months prior arrived at the post office in Dana Point, California and shot and killed a former coworker and wounded another. He later shot a man in his garage, a woman motorist, robbed and shot two others at an ATM, totaling five injured victims and one death.	33.47316083	-117.696399
174	Pittsburgh, Pennsylvania	2006	On September 17, 2006, two 18-year old men shot at five Duquesne University basketball players after a school dance. Several players said the shooter was a non-student unhappy that the woman he accompanied to the dance had talked with a player. The shooter and at least one other man followed the players when they left the dance to walk to their dormitory. Both man were later identified and arrested.	40.43948548	-79.97631581
176	LaGrange, Georgia	2015	On January 28, 2015, in a Georgia home, a man shot three family members and one friend, and strangled his daughter in law. All five died. He left town with the family's dog, and police arrested him several days later.	33.03607062	-85.0287065
177	Newington, Connecticut	1998	On March 6, 1998, a 35-year-old disgruntled employee of the State Lottery in Newington, Connecticut arrived at his workplace and began shooting. He killed four of his coworkers and supervisors before committing suicide.	41.68700845	-72.73083927
179	Tampa, Florida	1999	On December 30, 1999, a 36-year-old employee of the Radisson Bay Harbor Inn in Tampa, Florida arrived at his place of work and began shooting his coworkers, killing four and wounding three others. He fled the scene and attempted to steal a vehicle, killing the woman inside before being arrested.	27.99601861	-82.44503769
180	Morgantown, West Virginia	2014	On December 1, 2014, a man entered the home of his ex-girlfriend and shot and killed her and her new boyfriend. He then proceeded to the home of a business rival, whom he killed, and the home of another man with whom his ex-girlfriend had been involved, whom he also killed. The shooter then drove to another county and shot himself.	39.63400851	-79.94839325
181	Deer Lodge, Montana	2015	The man shot and killed his wife and three children, set a fire in the family's remote cabin and then killed himself.	46.39761858	-112.7329333
182	Iuka, Mississippi	2016	Law enforcement officers in northeastern Mississippi stormed a house Saturday after an hours-long standoff with a gunman holed up inside, leading to a shootout that left one officer dead and three others wounded.The standoff started Friday afternoon when authorities responded to a domestic dispute call at the home near Iuka. But the man, holed up in his home with his wife and 10-year-old daughter, refused to come out, sparking the standoff with officers outside. The man suspected of firing on the officers was also killed.	34.7404	-88.1383
183	Goleta, California	2006	On January 30, 2006, a 44-year-old postal worker on leave for psychological reasons killed her former neighbor before arriving to the Goleta Post Office where she worked in Goleta, California. She then opened fire on her coworkers, killing six before committing suicide.	34.43606107	-119.8593619
184	San Ysidro, California	1984	On July 18, 1984, a 41-year-old unemployed man, walked into a McDonald's restaurant in San Ysidro, California, killing twenty-one people and injuring nineteen others. The shooter was killed at the scene by a SWAT team sniper perched on the roof next door.	32.555556	-117.047656
185	Gates, New York	2015	On early Saturday morning of April 25, the man opened fire inside the Gates Pub. Seven people were shot, one of them was killed.	43.15693027	-77.69300856
186	Chicago, Illinois	2003	On August 27, 2003, a 36-year-old former employee of Windy City Core Supply in Chicago, Illinois arrived at the warehouse in which he used to work and began shooting at the supervisors that fired him and other coworkers, killing six. He was later killed in a shoot-out with the police.	41.83928045	-87.68818145
187	Manchester, Illinois	2013	On April 24, 2013, a 43-year old man traveled to the home of his former partner's family in Manchester, Illinois. He shot and killed three adults (one  of them pregnant), a boy, and an infant, all members of the same family. There was a third child who, after shooting her, the shooter took to a neighbor's house; she survived the incident. The shooter was then chased by the police by car. The car chase resulted in a shootout between the two. The shooter was shot and killed by the police.	39.54231335	-90.33029852
188	Louisville, Kentucky	1989	On September 14. 1989, a 47-year-old man, disgruntled by his work situation and suffering from mental illness, entered the Standard Gravure printing company in Louisville, Kentucky, his former workplace, and began shooting. The incident ended with eight fatalities and twelve gun injuries before the shooter ending his own life with a bullet.	38.249432	-85.726243
189	Los Angeles, California	1976	On February 19, 1976, a 18-year-old student at a Los Angeles computer school opened fire during a test at his fellow students with a shotgun, killing one student and wounding several others. When trying to escape, he was apprehended by a security guard who exchanged fire with the shooter, leaving him critically wounded. The security guard was injured during the exchange.	34.17622092	-118.5399542
190	Corpus Christi, Texas	1995	On April 3, 1995, a disgruntled former metallurgist of the Walter Rossler Company in Corpus Christi, Texas entered the office and began shooting. He killed three employees, the owner and his wife before killing himself in another room.	27.73907518	-97.43073352
191	Newark, New Jersey	2015	"The shooting occurred during an annual event marking the opening of the motorcycle season. More than 2,000 people were in attendance when gunfire erupted at South 16th Street and 19th Avenue just before 8 p.m. Sunday. High school football star Al-Shakeem Woodson was shot and killed and three other people were wounded in the shooting.
The shooting was a result of a long-running feud between two other against the shooter and the 16-year-old."	40.73169648	-74.18417699
192	Henderson, Kentucky	2008	On June 25, 2008, a 25-year-old factory worker at Atlantis Plastics in Henderson, Kentucky had been reprimanded by a supervisor and escorted out of his workplace. He returned with a gun and began shooting, killing his supervisor, five employees and wounded a sixth before committing suicide.	37.84040411	-87.57853755
195	Orlando, Florida	2016	Two people were killed and several others were hurt in a mass shooting inside an Orlando nightclub early Sunday morning.	28.4541	-81.4646
196	Opelika, Alabama	2011	On April 6, 2011, a 34-year old man went to the Opelika campus of Southern Union State Community College in Alabama, where his former wife was a student. He fired into a car and shot and killed his mother-in-law and injured his estranged wife, her grandmother, and her 4-year old daughter. Hours later returned to the crime scene and confessed to a photographer that he was the shooter. He was later arrested by the police.	32.66240106	-85.37706931
197	Chicago, IL	2016	Group of young men were in a park at 2 in the morning when a male walked up and shot them. One fatality. Four injuries. Shooter is unknown.	41.878114	-87.629798
198	Chicago, IL	2016	Birthday party bus was dropping off party goers in South Shore Chicago when someone on the street started shooting at them. The bus driver drove off quickly protecting the targets. Unknown motivation. No suspects. 	41.878114	-87.629798
199	Newtown, Connecticut	2012	On December 14, 2012, a 20-year old shot and killed his mother at their home in Newtown, Connecticut. He then travelled to Sandy Hook Elementary School killing twenty children and six adult staff members and injuring two others before killing himself. Court documents showed that the school shooting had occurred in the space of less than five munities with 156 shots fired.	41.41190846	-73.31196267
200	Kirkwood, Missouri	2008	On February 7, 2008, a 52-year-old construction worker entered the City Hall building in Kirkwood, Missouri and opened fire on a police officer, taking the officer's gun and continuing on to the commencing city council meeting. He began shooting at the council members and reporters, killing five and wounding two others before being killed by police. The mayor suffered wounds that he died from several months later.	38.57889169	-90.42023754
201	Bristol, Tennessee	2015	The shooter shot and killed his mother, stepfather, and grandmother in a matter of seconds on Saturday night.	36.55605824	-82.21429551
202	Mohawk, New York	2013	On March 13, 2013, an unemployed 64-year old man set his apartment on fire in Mohawk village, New York, before he went into a local barbershop and shot four people, killing two and wounding two others. Afterwards, the shooter drove to Herkimer village, where he shot and killed to other people at a local car servicing business. After the rampage, he holed up in an abandoned building where he had a standoff with police for 18 hours until he was shot and killed.	43.0104011	-75.0075119
203	Johnston, South Carolina	1983	On August 19, 1983, a 55-year-old former postal worker went into the Johnston Post Office in South Carolina three months after he had resigned. He killed the local postmaster and wounded three others. It was the last day at work for the postmaster.	33.83272887	-81.8051584
204	Alturas, California	2014	On February 20, 2014, a 44-year old woman went to a tribe eviction meeting where she killed three family members and a worker. After running out of ammunition, the shooter grabbed a butcher knife and stabbed another person.	41.4911123	-120.549091
205	Kalamazoo County, Michigan	2016	An Uber driver fired upon people in three locations over the course of about 6 hours.	42.291707	-85.587229
207	Riverside, California	1998	On October 6, 1998, a 48-year-old U.S. Postal Service employee entered a conference room at City Hall in Riverside, California and began shooting. He wounded the mayor, two council members and three police officers before being shot by police and taken into custody.	33.93814348	-117.3948409
208	Hazelwood, Missouri	2016	Car was fired upon from a stolen Mercedes on the interstate in Hazelwood, MO. One woman died. 3 Injured.	38.77144	-90.370949
212	Moscow, Idaho	2015	On Friday, January 10, 2015, a man shot his adoptive mother in her house, walked to his landlord's nearby office and shot and killed him and injured another person in the office. He then drove to an Arby's that his parents frequented, asked to see the manager, and shot and killed her. 	46.73059479	-116.9990042
213	Wakefield, Massachusetts	2000	Michael McDermott, 42, opened fire on co-workers at Edgewater Technology and was later arrested.	42.506484	-71.0728306
214	Glendale, Arizona	2016	Son shot his parents and two sisters in their Phoenix home. Police arrive because the house was on fire. Police shot and killed the shooter.	33.448377	-112.074037
215	Glendale, Arizona	2016	Altercation broke out at a house party. A group of five hispanics were asked to leave. They got in a car, and as they drove away, opened fire on the house.	33.538652	-112.185987
216	Seal Beach, California	2011	On October 12, 2011, a 41-year old allegedly opened fire at a hair salon in Seal Beach, California, where his former wife worked. Eight people inside the salon and one person in the parking lot were shot, and only one victim survived. The shooter was later arrested about half a mile away from the salon. He argued earlier that day over the phone with his ex-wife over a custody dispute regarding their 8-year old son.	33.75432632	-118.0715378
217	Aurora, Colorado	1993	On December 14, 1993, a 19-year-old fired Chuck E. Cheese's employee in Aurora, Colorado visited his former workplace and waited until closing to confront his ex-coworkers. He then opened fire, killing three teenaged employees, one 50-year-old employee, and wounding another before being arrested.	39.69892933	-104.7871863
218	Irvine, California	2013	On February 3, 2013, a 33-year old former LAPD police officer shot and killed the daughter of a former LAPD captain and her fiance in a parking garage in Irvine, California. The shooter fled the scene and a large manhunt followed until February 12, 2013, during a stand-off  with police at a cabin in the San Bernardino Mountains. The shooter killed one police officer and injured another one before he committed suicide. It is not clear if he took his life before or after the police started to burn down the cabin where he was holed up. 	33.67803464	-117.773628
219	Chesapeake, Virginia	2016	A Virginia man shot his brother dead in their family home, then killed four other relatives in a nearby house before turning the gun on himself Wednesday. He killed his brother in their house around 3:35 p.m. He then went to the house belonging to his grandmother and murdered more relatives ? father, mother, sister, and an unidentified female.	36.7921	-76.3293
220	Hialeah, Florida	2013	Pedro Vargas, 42, set fire to his apartment, killed six people in the complex, and held another two hostages at gunpoint before a SWAT team stormed the building and fatally shot him.	25.8670105	-80.29146268
221	Aiken, South Carolina	1997	On September 15, 1997, a 43-year-old former employee of the R.E. Phelon Company in Aiken, South Carolina arrived at the plant and shot the security guard in the parking lot. He then entered the facility and began shooting his former coworkers, killing four and wounding two others. He attempted suicide with insecticide, but was unsuccessful and eventually arrested.	33.47524551	-81.72595949
222	Brooklyn, New York	1986	On August 12, 1986, a 29-year civil technology student  at New York Technical College in Brooklyn went to the school thinking his supervisor was the reason he had not received his financial aid. He killed the supervisor and wounded four other people. He was later arrested by the police.	40.679276	-73.939513
223	Pearl, Mississippi	1997	On October 1, 1997, a 16-year-old student of Pearl High School in Pearl, Mississippi stabbed his mother to death before heading to school. Once there, he shot and killed his ex-girlfriend and her friend before wounding an additional seven other students. He was stopped while fleeing the incident by a principal with a handgun and was arrested.	32.27492783	-90.09470655
224	Melrose Park, Illinois	2001	On February 5, 2001, a 66-year-old fired employee arrived at his former workplace at Navistar in Melrose Park, Illinois with firearms, forced his way past security and began shooting at supervisors and coworkers before committing suicide. He had been scheduled to begin a prison sentence the next day on charges of stealing from his employer.	41.90289602	-87.8643021
225	Houston, Texas	2016	Group of people was fired upon by an unknown number of people in a dark SUV and a white Ford Truck. Five people, including a baby, were injured.	29.760427	-95.369803
226	Ladera Ranch, California	2013	On February 19, 2013, a 20-year old unemployed, part-time student killed a 20-year old woman at his parent's house. The shooter's parents called 911 when they heard the noise. He drove off in his parents car and went on a killing spree carjacking several cars and shooting at commuters, drivers, and construction workers. He committed suicide when police were approaching. The shooter had left a suicide note that he wrote within an hour of the 911 call his parents made.	33.54961059	-117.6415707
228	Houston, Texas	2015	A family of six children and two parents were handcuffed and fatally shot in the head at a Houston home by a man with a violent criminal history who had previously been in a relationship with the mother and had a dispute with her.	29.79705548	-95.36763856
230	Watkins Glen, New York	1992	On October 15, 1992, a 50-year-old truck driver, upset about his wages being garnished for back-payments of child support, entered the Schuyler County Office Building in Watkins Glen, New York. He killed four female social workers before committing suicide.	42.38013875	-76.86724659
231	Roseburg, Oregon	2015	On Monday of October 1, 2015, a gunman opened fire at a rural Oregon community college Thursday. 9 people were dead and seven wounded, three critically, before dying in a shootout with police. First, a shot came through the window and hit the teacher in the head  in a freshman writing class. The gunman then entered the Snyder Hall classroom and told people to get on the floor. He told people to stand up and state their religion before opening fire.	43.22205555	-123.3522367
232	Austin, Texas	1966	On August 1, 1966, a 25-year-old engineering student at the University of Texas in Austin killed sixteen people and wounded thirty-two others in and around the Tower of the University of Texas. Prior to commencing the mass shootings at the University, the student and former U.S. Marine, had murdered both his wife and mother in Austin, Texas.	30.1988873	-97.84415949
233	Garden City, New York	1993	On December 7, 1993, a 34-year-old mentally unstable man boarded a Lond Island Rail Road commuter train headed to Nassau County in New York. He began shooting in the train car, killing six and wounding nineteen before being apprehended by three passengers in the train.	40.72662266	-73.644712
235	San Bernardino, California	2015	On Wednesday of December 2, 2015, two gunmen entered a conference room on the Inland Regional Center property, killing 14 people, and injuring 21 people. The facility was rented by the San Bernardino County Department of Public Health for a holiday party. The shooter was at the party but left abruptly before the shooting. He seemed angry, witnesses told police. He returned and along with his wife, he went into the building and began firing. The man was an inspector with the county health department that hosted the party. 	34.13973446	-117.2942444
236	Stockton, California	1989	On January 17, 1989, an unemployed 24-year-old man arrived to Cleveland Elementary School in Stockton, California. He set his car on fire in the parking lot, before entering the school to begin shooting. The shooter killed five students and injured thirty others including a teacher, before killing himself.	37.96631812	-121.3018775
237	Birmingham, Alabama	2012	Three teenagers attempted to rob a house in the early morning of January 29, 2012. Five people were in the house playing cards, and each was shot to death in the back of the head; four of their bodies were found naked in bedroom, and one had been shot 12 times.	33.5282865	-86.79550448
240	Rochester, New York	2015	"Around 11:20 p.m. Wednesday on Genesee Street, a gunman shot into a crowd that gathered outside the Rochester Boys and Girls Club after a basketball game, killing three people and wounding four others. 
Drive-by, Gang involvement"	43.1696837	-77.614337
241	Fairchild Air Force Base, Washington	1994	On June 20, 1994, a 20-year-old discharged technician at the Fairchild Air Force Base Hospital outside of Spokane, Washington entered the office of the psychologist and psychiatrist that first diagnosed him to be unfit for service, shot and killed them both. He continued shooting at patients and visitors at the hospital, killing a young boy, the wife of a retired serviceman and wounding twenty-three more before being killed by a military police officer.	47.618456	-117.644099
242	Rochester, New York	2016	Two groups of people fired at each other after a fight broke out outside of the Mexican Village Nightclub in Rochester, NY	43.16103	-77.610922
243	Ferguson, Missouri	2016	A group of 15 to 20 people was gathered for a memorial for a family member when two cars drove by and opened fire. Four people were injured. No suspects or specific motive or targets.	38.744217	-90.305391
244	Carthage, North Carolina	2009	Robert Stewart, 45, opened fire at a nursing home where his estranged wife worked before he was shot and arrested by a police officer.	35.345802	-79.4170543
245	Carthage, North Carolina	2009	On March 29, 2009, a 45-year old man opened fire at the Pinelake Health and Rehab nursing home in Carthage, North Carolina, where his estranged wife worked. The shooter killed eight people and wounded another two before being shot and arrested by a police officer. His ex-wife, the apparent main target, survived the shooting unharmed by hiding in the Alzheimer ward of the building, which was secured by passcode-protected doors.	35.33985609	-79.41381725
246	Montgomery, Alabama	2013	Early morning on December 28, 2013, a rapper had a confrontation with an acquaintance before going onstage. Soon after, the acquaintance left and re-entered the building and fired at the rapper. He and another shooter injured 5 and killed 3, including the rapper.	32.34729571	-86.26730242
247	Crandon, Wisconsin	2007	Off-duty sheriff's deputy Tyler Peterson, 20, opened fire inside an apartment after an argument at a homecoming party. He fled the scene and later committed suicide.	45.5719072	-88.9028922
248	Olean, New York	1974	On December 30, 1974, a 17-year-old honor student and member of the school's rifle team, entered Olean High School, looked himself in a room on the school's third floor, where he shot a custodian inside the building and nine people on the streets below. Following the shooting, police had found homemade propane bombs in Barbaro's bedroom, as well as bomb recipes and a journal that detailed his plans of the shooting.	42.08185369	-78.43213922
249	Grand Rapids, Michigan	2011	On July 7, 2011, a 34-year old man went to two homes on a shooting rampage, killing his estranged wife, their daughter, his former girlfriend, and members of the victims' families. The shooter kept shooting at random as he fled by car and followed and shot another ex-girlfriend while she was driving on her car. The gunman was chased by police that forced him to exit his vehicle and ran on foot, entering a random residence where he took three hostages. He ended releasing the hostages and committing suicide.	42.96920434	-85.66008902
250	Suwanee, Georgia	2015	A gunman killed his wife and her two young children inside a suburban Georgia home early Wednesday before fatally shooting himself.	34.05057545	-84.06872262
251	Carnation, Washington	2007	On December 24, 2007, an unemployed woman and her boyfriend, both aged 29, shot the woman's father in regards to a financial dispute in his home in Carnation, Washington. The couple then shot the woman's mother before her brother, his wife and children arrived, upon which the couple shot and killed all four. They were later arrested in the home.	47.64628742	-121.9088524
252	Huntsville, Alabama	2010	On February 12, 2010, a 44-year old professor went to a faculty meeting at the University of Alabama in Huntsville. She sat quietly at the meeting for 30 or 40 minutes before pulling out a gun, killing three of her coworkers and injuring three others. She was later arrested outside the building.	34.72827538	-86.6723055
253	Salt Lake City, Utah	2007	On February 12, 2007, an 18-year-old refugee and high school drop out in Salt Lake City, Utah arrived at Trolley Square and began shooting at the crowd. He killed five and wounded four others before being shot and killed by police. The incident was thought to be an attack of religious radicalism.	40.77787404	-111.9312168
257	Menasha, Wisconsin	2015	On May 3, 2015, an argument with his ex-fiance likely motivated a university student to randomly shoot four people  on a bridge at a park Sunday night, three fatally. Then  the gunman also shot and killed himself.	44.20455909	-88.4484585
258	Clarkesville, Georgia	2015	On February 22, 2015, A former police officer fatally shot his ex-wife and her friend, then wounded a local sheriff and a deputy at his ex-wife's home on Sunday before he was killed by the return fire from law enforcement.	34.61025711	-83.52918091
259	Chattanooga, Tennessee	2015	Four Marines were shot dead Thursday after a gunman brazenly opened fire on two  military facilities in Chattanooga, Tennessee. The shooter was also killed and three people including a police officer were injured.	35.09318123	-85.23676751
260	Red Lake, Minnesota	2005	On March 21, 2005, after killing his grandfather and his grandfather's girlfriend in their home, a 16-year-old student of Red Lake High School in Red Lake, Minnesota arrived on campus and began shooting at his classmates and teachers. He killed five students, a teacher, a security guard and wounded five others before committing suicide.	47.87067289	-95.00529009
261	Dallas, Texas	1984	On June 29, 1984, a 39-year-old man who was rejected by a dance partner at Ianni's Dance Club in Dallas, Texas, left the club and returned with a semiautomatic pistol killing the woman and five other patrons and seriously wounded a seventh person. 	32.79480596	-96.76631094
263	Spokane, Washington	1971	On November 11, 1971, a former MIT student entered St. Aloysius Roman Catholic Church on the Gonzaga University campus. The shooter killed the caretaker and wounded four more people before he was killed by police.	47.67367375	-117.4159843
264	Chicago, Illinois	1988	On September 22, 1988, a 40-year-old Vietnam veteran shot and killed two employees at a Comet Auto Parts in Chicago, Illinois before heading to the Montefiore School to continue the shooting. He injured a city worker and fatally wounded a custodian at the school before he was discovered by police. The shooter opened fire on the officers, injuring one and killing another.	41.83928045	-87.68818145
266	New Port Richey, Florida	2015	Early morning on Feb. 9, 2015 two shooters with significant criminal records entered a house Moon Lake and shot the four residents of the house. Three of the victims were killed and the fourth was injured and escaped the house after the shooters left. The shooters escaped and were arrested a week later.	28.24653304	-82.71690259
267	Amarillo, Texas	1992	On September 11, 1992, a fight broke out in Amarillo, Texas between two students that ended with one student, a 17-year-old male, pulling a gun out and shooting. Six students were wounded before the shooter was taken into custody.	35.18322484	-101.8805688
268	Conyers, Georgia	2015	On May 31, 2015, the shooter entered the business just before 5 pm and open fire. He appeared to randomly shoot at anyone in his path but turns and leaves the building when an armed citizen off-camera returns fire. After the shooter left the liquor store, he  returned to his parents' home and shot and wounded them both. 	33.66086267	-84.02688527
269	Phoenix, Arizona	2015	On April 16, 2015, a man who had been in a business dispute with his two brothers shot and killed them with his mother and one of their wives before taking his own life.	33.57145875	-112.0904854
270	Norcross, Georgia	2012	Jeong Soo Paek, 59, returned to a Korean spa from which he'd been kicked out after an altercation. He gunned down two of his sisters and their husbands before committing suicide.	33.9412127	-84.2135309
271	Wilkinsburg, Pennsylvania	2016	Two gunmen working as a team fatally shot five people including a pregnant woman and critically wounded two others at a backyard cookout, with one attacker using a high-velocity rifle to shoot all the victims in the head as they were driven his direction. Authorities later ruled the death of the womanï¿½s 8-month-old fetus a homicide and raised the number of fatalities to six.	40.440625	-79.995886
272	Wilkinsburg, Pennsylvania	2016	A family was having a cookout in the backyard of a house when two gunmen came and started shooting. There is one suspected target, but 5 people were killed, including one pregnant woman. The two gunmen fled the scene and have not been identified.	40.441736	-79.881994
274	Moses Lake, Washington	1996	On February 2, 1996, a 14-year-old student walked into his algebra class at Frontier Junior High School in Moses Lake, Washington shooting and killing his teacher before killing two students, one who had bullied him, and wounding another student in the arm. He then held the class hostage and was tackled and held by a teacher until he was apprehended by police.	47.12189424	-119.2750699
275	Fort Lauderdale, Florida	1996	Fired city park employee Clifton McCree, 41, opened fire on former coworkers he called "racist devils" inside their municipal trailer in an act of revenge after failing a drug test. He then committed suicide.	26.1223084	-80.1433786
276	Kansas City, Kansas	2016	Four people were found dead Monday night in a home in Kansas City, Kansas. A fifth man was shot to death Tuesday in Missouri. The shooter lives in a house next door to the home where four people were found shot Monday night. The shooter and the neighbors are all familiar with each other.	39.114053	-94.627464
277	Kansas City, Kansas	2016	Shooter killed four people at his next door neighbors house. He fled the scene, but was captured the next day, hiding in a ditch. It is seen as a random act.	39.114053	-94.627464
279	Tennessee Colony, Texas	2015	On Sunday of November 15, 2015, six people are dead after a weekend homicide at a private campsite. The bodies of a man and woman were found in a travel trailer. The bodies of four males, who were initially considered missing, were later recovered about 1:15 p.m. Monday in a pond on the suspect's residence. 	31.8076	-95.8069
281	Crowley, Texas	2016	Man killed his wife and two young children before committing suicide. No explanation has been offered	29.785785	-95.824396
282	Sheridan, Wyoming	1993	On September 17, 1993, a 29-year-old man recently discharged from the Navy approached a physical education class at Central Middle School in Sheridan, Wyoming and opened fire on its 29 students. He wounded four students before committing suicide in front of the class.	44.79051074	-106.9599165
283	Syracuse, New York	2015	Shortly after midnight on February 1, 2015, a man forced his ex-girlfriend at gunpoint to bring him to McAvan's Pub, where a birthday party with her relatives was taking place. The woman's brother attempted to separate her from her companion, at which point the man opened fire, injuring six people including his ex-girlfriend's brother.	43.04093416	-76.14376763
284	Wickliffe, Ohio	1994	On November 7, 1994, a 37-year-old man approached the Wickliffe Middle School in Wickliffe, Ohio and shot, killing a custodian. He then wounded a school administrator, a teacher and a police officer before being detained by the police.	41.60713735	-81.46902046
287	Killeen, Texas	2014	On April 2, 2014, a 34-year-old Army Specialist began shooting at Fort Hood where he was stationed. He killed 3 military personnel and wounded 16 others before committing suicide. 	31.07925506	-97.73392317
288	Killeen, Texas	2015	On April 21, 2015, the man fatally shot two women and wounded three others at the Village West Apartments. 	31.07925506	-97.73392317
290	Killeen, Texas	2015	On Sunday night of February 22, Fort Hood soldier opened fire on three people, killing two and injuring one before forcing his wife into another home, where he killed her and then himself. 	31.07925506	-97.73392317
291	Olivehurst, California	1992	On May 1, 1992, a 20-year-old former student of Lindhurst High School in Olivehurst, California began shooting at students and teachers in classrooms. Seeking revenge for a failing grade, the shooter first killed the teacher who gave him that grade, later killing three students and injuring ten others before being arrested. 	39.08174985	-121.5549539
292	San Diego, California	1979	On January 29, 1979, a 16-year-old opened fire at children waiting to enter Grover Cleveland Elementary School. The shooter put herself by a window in her home and began shooting across the street while the children were waiting outside for the principal to open the gate.  The principal and a custodian were killed and eight children and a police officer were injured.	32.86357277	-117.1281628
293	Charleston, South Carolina	2015	Dylann Storm Roof, 21, shot and killed 9 people after opening fire at the Emanuel AME Church in Charleston, South Carolina. According to a roommate, he had allegedly been â€œplanning something like that for six months."	32.788387	-79.933143
295	Miami Gardens, Florida	2015	The shooter opened fire when fight broke out during birthday party around 5:30 p.m. The man pulled out a gun and opened fire, hitting four people.	25.94326707	-80.24253243
296	Lafayette, LA	2016	Four people shot with non-life-threatening injuries during a drive-by on MLK boulevard in Lafayette, LA. There were multiple shooters in the Ford f-150 truck, truck fled the scene. No leads. 	30.22409	-92.019843
297	Lafayette, Louisiana	2015	On July 23, 2015, a shooting occurred at The Grand 16 Theater movie theater in Lafayette, Louisiana. The shooter opened fire during a showing of the film Trainwreck, killing two people and injuring nine others before he committed suicide.	30.21233538	-92.0316453
298	Platte, South Dakota	2015	The six members of a South Dakota family found dead in the ruins of their burned home were fatally shot, with one death believed to be a suicide. All six members of the shooter's family died of shotgun wounds.	43.38682722	-98.84357239
299	Panama City Beach, Florida	2015	On March 28, 2015, seven people were wounded, several critically, in a shooting at a Spring Break house party early Saturday. The shooter was arrested after the shooting.	30.22540212	-85.87371301
301	Dallas, Texas	2013	On August 7, 2013, a 44-year old former special education teacher allegedly went on a murder spree in the Dallas area, killing four people, including his ex-wife and estranged girlfriend, and wounding four others. Once police arrived at the second home, the shooter after running out of ammunition, reportedly pretended he was one of the victims and appeared catatonic.	32.79480596	-96.76631094
302	Brookhaven, Mississippi	2015	On early Friday morning of March 13, the man accused of shooting  the owners of a house, killing the two and critically injuring the other three. The man rented a room in the house. The man and the house owner had argued about something, and the man pulled out a gun and started shooting. He was found dead on Saturday, May 31, 2015 in his cell.	31.58036482	-90.44323475
303	Forestville, Maryland	2016	Shooter shot from his car at people standing on the street at 1:30 AM. Police don't believe the woman who died was the target, and do not believe the shooting was random.	38.845113	-76.874972
304	Winnetka, Illinois	1988	On May 20, 1988, a 30-year-old woman entered the Hubbard Woods Elementary School with the intent to target her former in-laws' children who she believed attended the school. After shooting a boy in a bathroom down the hall, she entered a second-grade classroom and began shooting the students, killing one and injuring five more. She fled the scene and entered a home, where she injured another young man before turning the gun on herself in a bedroom.	42.10648807	-87.74211141
306	Orange, California	1997	On December 18, 1997, a 41-year-old recently fired Caltrans employee arrived to his former office and began shooting at his former coworkers and supervisors. He killed four employees and wounded another and a police officer before being killed by police.	33.78935598	-117.820412
307	Vallejo, California	2016	Two suspects shot at a car and killed one person outright, and the second victim died in the hospital. Two others injured. No leads on suspects.	38.104086	-122.256637
308	Union, Kentucky	1994	On May 26, 1994, a 17-year-old high school student awoke in the early hours of the day to kill his parents and his sisters in their home. He then kidnapped his prom date at gunpoint and brought her to a classroom, where he held her, a teacher and 22 students hostage before being detained by police.	38.95130818	-84.67066339
309	Fort Hood, Texas	2009	On November 5, 2009, a 39-year old U.S. Army psychiatrist fatally shot thirteen people and injured thirty-two at Fort Hood Army Base located in Killeen, Texas. He was shot and wounded by another soldier and arrested as he fell unconscious.	31.13814354	-97.77797804
310	Wilmington, NC	2016	Two men forcefully entered a house, and started shooting the people inside. One of the robbers was killed. Four other people injured.	39.739072	-75.539788
311	Sunnyvale, California	1988	On February 16, 1988, a 39-year-old man arrived at his former workplace, ESL in Sunnyvale, California, and began shooting his ex-coworkers in the parking lot. After shooting through the security mechanisms on the doors of the facility, he opened fire on office equipment and employees, including a female colleague that issued a restraining order against the shooter about a week prior. The incident ended with seven fatalities and four injuries, the female coworker among the injured.	37.38344257	-122.0256185
312	Fayetteville, North Carolina	1993	On August 6, 1993, a 22-year old army sergeant opened fire inside Luigi's Restaurant in Fayetteville, North Carolina, killing four people and injuring eight more. The shooter was ranting about gays in the military before he was shot and arrested by police.	35.07997086	-79.03796125
314	Santa Clara, California	2009	On March 29, 2009, a 42-year-old web analytics technician for Yahoo! in Santa Clara, California began shooting in his home. He killed his two children, his brother-in-law, sister-in-law, and their infant daughter before committing suicide. He was found to have a growing brain tumor during the autopsy.	37.36463172	-121.9679315
315	River Forest, Illinois	2015	Two people including the shooter are dead and three others were wounded following what began as a domestic violence incident in River Forest on Sunday morning. Two police officers were among those wounded by gunfire in the incident.	41.89499946	-87.81941392
316	Escondido, California	1989	On August 10, 1989, a 52-year-old "model" postal worker murdered his wife in their home before arriving to work at the Orange Glen Post Office in Escondido, California. He then shot and killed two co-workers and injured another before taking the gun to his own head, dying later in a hospital.	33.13439925	-117.0722528
317	Lakeland, Florida	2016	Two men arrived at the house of a drug dealer and killed three people and critically injured one more.	28.039465	-81.949804
318	Arvada, Colorado	2007	On December 9, 2007, a 24-year-old failed missionary entered the Youth With A Mission training center in Arvada, Colorado and began shooting, killing two and wounding two others. He then went to the New Life Church, shooting and killing two more and wounding three others. A former police officer in the congregation opened fire on the shooter, wounding him before he decided to take his own life. 	39.81087474	-105.173715
319	Grundy, Virginia	2002	On January 16, 2002, a 43-year-old former student of the Appalachian School of Law in Grundy, Virginia arrived on campus and began shooting. He killed the dean, a professor, a student and wounded three others before being arrested.	37.27537712	-82.09877234
320	Columbia, South Carolina	1979	On October 6, 1979, a 19-year-old student at University of South Carolina opened fire at a homecoming weekend fraternity party, killing two students and wounding five others.	34.05098834	-80.82077527
321	Phoenix, Arizona	1991	On the evening on August 9, 1991, two high school students in the Air Force ROTC program entered a Buddhist monastery intending to steal cameras, golden religious paraphernalia and cash from the monks. After looting the monastery and holding the monks hostage, the boys decided to shoot and kill all nine occupants of the house to leave no witnesses of their crime.	33.57145875	-112.0904854
322	Little Water, New Mexico	2015	On March 19, 2015, police officer was shot and killed after responding to a domestic violence situation. The shooter was holding his family hostage and allegedly pistol-whipped his wife and mother. The suspect led police on a 40-mile chase from New Mexico to Arizona before he was shot and killed.	36.44329	-108.723281
323	West Paducah, Kentucky	1997	On December 1, 1997, a 14-year-old student at Heath High School in West Paducah, Kentucky brought stolen guns to campus and began shooting at a prayer group that met every day, killing three students and wounding five others before being arrested. The shooter was later found to have been suffering from paranoid schizophrenia.	37.08506	-88.74422